<?xml version="1.0" encoding="UTF-8"?>
<window type="dialog" id="1114">
  <defaultcontrol always="true">9000</defaultcontrol>
  <include>DialogOpenClose</include>
  <controls>
    <control type="group" description="back">
      <control type="image">
        <centerleft>960</centerleft>
        <centertop>566</centertop>
        <width>783</width>
        <height>722</height>
        <texture border="50">images/ContextMenu.png</texture>
      </control>
      <control type="group">
        <left>697</left>
		<top>60</top>
        <control type="grouplist" id="9000">
          <width>525</width>
          <height>1022</height>
          <align>center</align>
          <onleft>noop</onleft>
          <onright>noop</onright>
          <onup>9000</onup>
          <ondown>9000</ondown>
          <itemgap>8</itemgap>
          <font>size33</font>
          <scrolltime>260</scrolltime>
          <defaultcontrol always="true">701</defaultcontrol>
          <control type="label" description="Dialog heading">
            <width>525</width>
            <height>100</height>
            <label>$LOCALIZE[13008]</label>
            <align>center</align>
            <aligny>center</aligny>
            <font>size36</font>
			<textcolor>white</textcolor>
          </control>
          <control type="radiobutton" id="701" description="Quit">
            <width>525</width>
            <label>Save / Exit</label>
			<texturefocus>images/blue.png</texturefocus>
			<texturenofocus>images/lightgray_button.png</texturenofocus>
			<textcolor>white</textcolor>
			<focusedcolor>white</focusedcolor>
            <onclick>Skin.Reset(shutdown)</onclick>
            <onclick>Skin.Reset(quitter)</onclick>
            <onclick>Close</onclick>
            <selected>IsEmpty(Skin.String(shutdown))</selected>
          </control>
          <control type="radiobutton" id="702" description="Suspend">
            <width>525</width>
            <enable>System.CanSuspend</enable>
			<texturefocus>images/blue.png</texturefocus>
			<texturenofocus>images/lightgray_button.png</texturenofocus>
			<textcolor>white</textcolor>
			<focusedcolor>white</focusedcolor>
            <label>$LOCALIZE[13011]</label>
            <onclick>Skin.SetString(shutdown,suspend)</onclick>
            <onclick condition="!Skin.HasSetting(quitter)">Skin.ToggleSetting(quitter)</onclick>
            <onclick>Close</onclick>
            <selected>StringCompare(Skin.String(shutdown),suspend)</selected>
          </control>
          <control type="radiobutton" id="703" description="Hibernate">
            <width>525</width>
            <enable>System.CanHibernate</enable>
			<texturefocus>images/blue.png</texturefocus>
			<texturenofocus>images/lightgray_button.png</texturenofocus>
			<textcolor>white</textcolor>
			<focusedcolor>white</focusedcolor>
            <label>$LOCALIZE[13010]</label>
            <onclick>Skin.SetString(shutdown,hibernate)</onclick>
            <onclick condition="!Skin.HasSetting(quitter)">Skin.ToggleSetting(quitter)</onclick>
            <onclick>Close</onclick>
            <selected>StringCompare(Skin.String(shutdown),hibernate)</selected>
          </control>
          <control type="radiobutton" id="704" description="Shutdown">
            <width>525</width>
            <enable>System.CanPowerdown</enable>
            <label>13005</label>
			<texturefocus>images/blue.png</texturefocus>
			<texturenofocus>images/lightgray_button.png</texturenofocus>
			<textcolor>white</textcolor>
			<focusedcolor>white</focusedcolor>
            <onclick>Skin.SetString(shutdown,powerdown)</onclick>
            <onclick condition="!Skin.HasSetting(quitter)">Skin.ToggleSetting(quitter)</onclick>
            <onclick>Close</onclick>
            <selected>StringCompare(Skin.String(shutdown),powerdown)</selected>
          </control>
          <control type="radiobutton" id="705" description="Reboot">
            <width>525</width>
            <enable>System.CanReboot</enable>
			<texturefocus>images/blue.png</texturefocus>
			<texturenofocus>images/lightgray_button.png</texturenofocus>
			<textcolor>white</textcolor>
			<focusedcolor>white</focusedcolor>
            <label>$LOCALIZE[13013]</label>
            <onclick>Skin.SetString(shutdown,reboot)</onclick>
            <onclick condition="!Skin.HasSetting(quitter)">Skin.ToggleSetting(quitter)</onclick>
            <onclick>Close</onclick>
            <selected>StringCompare(Skin.String(shutdown),reboot)</selected>
          </control>
          <control type="radiobutton" id="706" description="Quit">
            <width>525</width>
            <label>$LOCALIZE[13009]</label>
			<texturefocus>images/blue.png</texturefocus>
			<texturenofocus>images/lightgray_button.png</texturenofocus>
			<textcolor>white</textcolor>
			<focusedcolor>white</focusedcolor>
            <onclick>Skin.SetString(shutdown,quit)</onclick>
            <onclick condition="!Skin.HasSetting(quitter)">Skin.ToggleSetting(quitter)</onclick>
            <onclick>Close</onclick>
            <selected>StringCompare(Skin.String(shutdown),quit)</selected>
          </control>
          <control type="label" description="Dialog details">
            <width>525</width>
            <height>100</height>
            <label>$LOCALIZE[31022]</label>
            <align>center</align>
            <aligny>center</aligny>
            <font>size22</font>
			<textcolor>white</textcolor>
          </control>		  
        </control>
      </control>
    </control>
  </controls>
</window>
