<?xml version="1.0" encoding="UTF-8"?>
<window id="1617">
  <defaultcontrol always="true">52</defaultcontrol>
  <include>Background</include>
  <include>OpenClose</include>
  <control type="image" description="Home ICON Banner">
	<visible>IsEmpty(Skin.String(CustomBgHome)) + !Skin.HasSetting(NoHomeBanner)</visible>				
	<include condition="Skin.HasSetting(NoBannerAnimation)">homebanner_animation</include>				
	<include condition="!Skin.HasSetting(NoBannerAnimation)">homebanner_static</include>										
	<top>694</top>
	<width>1920</width>
	<height>286</height>
	<aspectratio>stretch</aspectratio>
	<include>right_listpanel_unfocused1</include>
  </control>	
  <controls>
    <control type="label" description="Heading">
      <left>495</left>
      <top>20</top>
      <width>930</width>
      <height>75</height>
      <align>center</align>
      <aligny>bottom</aligny>
      <font>size42B</font>
      <textcolor>White</textcolor>
      <shadowcolor>BlackT</shadowcolor>
      <label>$LOCALIZE[31040]</label>
    </control>
    <control type="group">
      <top>180</top>
      <control type="image" description="Line bottom">
        <left>0</left>
        <top>270</top>
        <width>1920</width>
        <height>1</height>
        <texture>images/Line1.png</texture>
      </control>
      <control type="group">
        <left>480</left>
        <control type="image" description="THUMB">
          <left>320</left>
          <top>0</top>
          <height>190</height>
          <width>320</width>
          <texture>special://skin/icons/addons.png</texture>
          <aspectratio>stretch</aspectratio>
        </control>
        <control type="image" description="Selection Overlay">
          <left>320</left>
          <top></top>
          <height>190</height>
          <width>320</width>
          <texture>images/atvslider.png</texture>
          <aspectratio>stretch</aspectratio>
        </control>
        <control type="label" description="Main Label">
          <left>480</left>
          <top>190</top>
          <height>40</height>
          <width>320</width>
          <align>center</align>
          <label>$INFO[Skin.String(AddonsName)]</label>
        </control>
      </control>
    </control>
    <control type="grouplist" id="52">
      <left>600</left>
      <top>480</top>
      <width>720</width>
      <height>600</height>
      <onup>50</onup>
      <onleft>50</onleft>
      <onright>50</onright>
      <ondown>noop</ondown>
      <itemgap>0</itemgap>
      <pagecontrol>60</pagecontrol>
      <scrolltime tween="sine" easing="inout">280</scrolltime>
      <control type="radiobutton" id="503" description="Custom">
        <visible>!Skin.HasSetting(AddonsSectionHide)</visible>
        <include>SettingsSubmenuButtons</include>
        <label>31051</label>
        <onclick>Skin.ToggleSetting(AddonsShelf_Custom)</onclick>
        <selected>Skin.HasSetting(AddonsShelf_Custom)</selected>
      </control>
      <control type="button" id="504" description="ADDONS">
        <visible>!Skin.HasSetting(AddonsSectionHide)</visible>
        <visible>Skin.HasSetting(AddonsShelf_Custom)</visible>
        <include>SettingsSubmenuButtons</include>
        <label>$LOCALIZE[24000] 1</label>
        <label2>$INFO[Skin.String(ShelfAddons.1.Label)]</label2>
        <onclick>Skin.SetAddon(ShelfAddons.1.Label,xbmc.python.pluginsource)</onclick>
      </control>
      <control type="button" id="505" description="ADDONS">
        <visible>!Skin.HasSetting(AddonsSectionHide)</visible>
        <visible>Skin.HasSetting(AddonsShelf_Custom)</visible>
        <include>SettingsSubmenuButtons</include>
        <label>$LOCALIZE[24000] 2</label>
        <label2>$INFO[Skin.String(ShelfAddons.2.Label)]</label2>
        <onclick>Skin.SetAddon(ShelfAddons.2.Label,xbmc.python.pluginsource)</onclick>
      </control>
      <control type="button" id="506" description="ADDONS">
        <visible>!Skin.HasSetting(AddonsSectionHide)</visible>
        <visible>Skin.HasSetting(AddonsShelf_Custom)</visible>
        <include>SettingsSubmenuButtons</include>
        <label>$LOCALIZE[24000] 3</label>
        <label2>$INFO[Skin.String(ShelfAddons.3.Label)]</label2>
        <onclick>Skin.SetAddon(ShelfAddons.3.Label,xbmc.python.pluginsource)</onclick>
      </control>
      <control type="button" id="507" description="ADDONS">
        <visible>!Skin.HasSetting(AddonsSectionHide)</visible>
        <visible>Skin.HasSetting(AddonsShelf_Custom)</visible>
        <include>SettingsSubmenuButtons</include>
        <label>$LOCALIZE[24000] 4</label>
        <label2>$INFO[Skin.String(ShelfAddons.4.Label)]</label2>
        <onclick>Skin.SetAddon(ShelfAddons.4.Label,xbmc.python.pluginsource)</onclick>
      </control>
      <control type="button" id="508" description="ADDONS">
        <visible>!Skin.HasSetting(AddonsSectionHide)</visible>
        <visible>Skin.HasSetting(AddonsShelf_Custom)</visible>
        <include>SettingsSubmenuButtons</include>
        <label>$LOCALIZE[24000] 5</label>
        <label2>$INFO[Skin.String(ShelfAddons.5.Label)]</label2>
        <onclick>Skin.SetAddon(ShelfAddons.5.Label,xbmc.python.pluginsource)</onclick>
      </control>
      <control type="button" id="509" description="ADDONS">
        <visible>!Skin.HasSetting(AddonsSectionHide)</visible>
        <visible>Skin.HasSetting(AddonsShelf_Custom)</visible>
        <include>SettingsSubmenuButtons</include>
        <label>$LOCALIZE[24000] 6</label>
        <label2>$INFO[Skin.String(ShelfAddons.6.Label)]</label2>
        <onclick>Skin.SetAddon(ShelfAddons.6.Label,xbmc.python.pluginsource)</onclick>
      </control>
      <control type="button" id="510" description="ADDONS">
        <visible>!Skin.HasSetting(AddonsSectionHide)</visible>
        <visible>Skin.HasSetting(AddonsShelf_Custom)</visible>
        <include>SettingsSubmenuButtons</include>
        <label>$LOCALIZE[24000] 7</label>
        <label2>$INFO[Skin.String(ShelfAddons.7.Label)]</label2>
        <onclick>Skin.SetAddon(ShelfAddons.7.Label,xbmc.python.pluginsource)</onclick>
      </control>
      <control type="button" id="511" description="ADDONS">
        <visible>!Skin.HasSetting(AddonsSectionHide)</visible>
        <visible>Skin.HasSetting(AddonsShelf_Custom)</visible>
        <include>SettingsSubmenuButtons</include>
        <label>$LOCALIZE[24000] 8</label>
        <label2>$INFO[Skin.String(ShelfAddons.8.Label)]</label2>
        <onclick>Skin.SetAddon(ShelfAddons.8.Label,xbmc.python.pluginsource)</onclick>
      </control>
      <control type="button" id="512" description="ADDONS">
        <visible>!Skin.HasSetting(AddonsSectionHide)</visible>
        <visible>Skin.HasSetting(AddonsShelf_Custom)</visible>
        <include>SettingsSubmenuButtons</include>
        <label>$LOCALIZE[24000] 9</label>
        <label2>$INFO[Skin.String(ShelfAddons.9.Label)]</label2>
        <onclick>Skin.SetAddon(ShelfAddons.9.Label,xbmc.python.pluginsource)</onclick>
      </control>
      <control type="button" id="513" description="ADDONS">
        <visible>!Skin.HasSetting(AddonsSectionHide)</visible>
        <visible>Skin.HasSetting(AddonsShelf_Custom)</visible>
        <include>SettingsSubmenuButtons</include>
        <label>$LOCALIZE[24000] 10</label>
        <label2>$INFO[Skin.String(ShelfAddons.10.Label)]</label2>
        <onclick>Skin.SetAddon(ShelfAddons.10.Label,xbmc.python.pluginsource)</onclick>
      </control>
      <control type="button" id="514" description="SCRIPTS">
        <visible>!Skin.HasSetting(AddonsSectionHide)</visible>
        <visible>Skin.HasSetting(AddonsShelf_Custom)</visible>
        <include>SettingsSubmenuButtons</include>
        <label>$LOCALIZE[24009] 1</label>
        <label2>$INFO[Skin.String(ShelfAddons.11.Label)]</label2>
        <onclick>Skin.SetAddon(ShelfAddons.11.Label,xbmc.python.script)</onclick>
      </control>
      <control type="button" id="515" description="SCRIPTS">
        <visible>!Skin.HasSetting(AddonsSectionHide)</visible>
        <visible>Skin.HasSetting(AddonsShelf_Custom)</visible>
        <include>SettingsSubmenuButtons</include>
        <label>$LOCALIZE[24009] 2</label>
        <label2>$INFO[Skin.String(ShelfAddons.12.Label)]</label2>
        <onclick>Skin.SetAddon(ShelfAddons.12.Label,xbmc.python.script)</onclick>
      </control>
      <control type="button" id="516" description="SCRIPTS">
        <visible>!Skin.HasSetting(AddonsSectionHide)</visible>
        <visible>Skin.HasSetting(AddonsShelf_Custom)</visible>
        <include>SettingsSubmenuButtons</include>
        <label>$LOCALIZE[24009] 3</label>
        <label2>$INFO[Skin.String(ShelfAddons.13.Label)]</label2>
        <onclick>Skin.SetAddon(ShelfAddons.13.Label,xbmc.python.script)</onclick>
      </control>
      <control type="button" id="517" description="SCRIPTS">
        <visible>!Skin.HasSetting(AddonsSectionHide)</visible>
        <visible>Skin.HasSetting(AddonsShelf_Custom)</visible>
        <include>SettingsSubmenuButtons</include>
        <label>$LOCALIZE[24009] 4</label>
        <label2>$INFO[Skin.String(ShelfAddons.14.Label)]</label2>
        <onclick>Skin.SetAddon(ShelfAddons.14.Label,xbmc.python.script)</onclick>
      </control>
      <control type="button" id="518" description="SCRIPTS">
        <visible>!Skin.HasSetting(AddonsSectionHide)</visible>
        <visible>Skin.HasSetting(AddonsShelf_Custom)</visible>
        <include>SettingsSubmenuButtons</include>
        <label>$LOCALIZE[24009] 5</label>
        <label2>$INFO[Skin.String(ShelfAddons.15.Label)]</label2>
        <onclick>Skin.SetAddon(ShelfAddons.15.Label,xbmc.python.script)</onclick>
      </control>
      <control type="button" id="519" description="FAVOURITES">
        <visible>!Skin.HasSetting(AddonsSectionHide)</visible>
        <visible>Skin.HasSetting(AddonsShelf_Custom)</visible>
        <include>SettingsSubmenuButtons</include>
        <label>$LOCALIZE[1036] 1</label>
        <label2>$INFO[Skin.String(ShelfAddons.16.Label)]</label2>
        <thumb>$INFO[Skin.String(ShelfAddons.16.Icon)]</thumb>
        <onclick>RunScript(script.favourites,property=ShelfAddons.16)</onclick>
      </control>
      <control type="button" id="520" description="FAVOURITES">
        <visible>!Skin.HasSetting(AddonsSectionHide)</visible>
        <visible>Skin.HasSetting(AddonsShelf_Custom)</visible>
        <include>SettingsSubmenuButtons</include>
        <label>$LOCALIZE[1036] 2</label>
        <label2>$INFO[Skin.String(ShelfAddons.17.Label)]</label2>
        <thumb>$INFO[Skin.String(ShelfAddons.17.Icon)]</thumb>
        <onclick>RunScript(script.favourites,property=ShelfAddons.17)</onclick>
      </control>
      <control type="button" id="521" description="FAVOURITES">
        <visible>!Skin.HasSetting(AddonsSectionHide)</visible>
        <visible>Skin.HasSetting(AddonsShelf_Custom)</visible>
        <include>SettingsSubmenuButtons</include>
        <label>$LOCALIZE[1036] 3</label>
        <label2>$INFO[Skin.String(ShelfAddons.18.Label)]</label2>
        <thumb>$INFO[Skin.String(ShelfAddons.18.Icon)]</thumb>
        <onclick>RunScript(script.favourites,property=ShelfAddons.18)</onclick>
      </control>
      <control type="button" id="522" description="FAVOURITES">
        <visible>!Skin.HasSetting(AddonsSectionHide)</visible>
        <visible>Skin.HasSetting(AddonsShelf_Custom)</visible>
        <include>SettingsSubmenuButtons</include>
        <label>$LOCALIZE[1036] 4</label>
        <label2>$INFO[Skin.String(ShelfAddons.19.Label)]</label2>
        <thumb>$INFO[Skin.String(ShelfAddons.19.Icon)]</thumb>
        <onclick>RunScript(script.favourites,property=ShelfAddons.19)</onclick>
      </control>
      <control type="button" id="523" description="FAVOURITES">
        <visible>!Skin.HasSetting(AddonsSectionHide)</visible>
        <visible>Skin.HasSetting(AddonsShelf_Custom)</visible>
        <include>SettingsSubmenuButtons</include>
        <label>$LOCALIZE[1036] 5</label>
        <label2>$INFO[Skin.String(ShelfAddons.20.Label)]</label2>
        <thumb>$INFO[Skin.String(ShelfAddons.20.Icon)]</thumb>
        <onclick>RunScript(script.favourites,property=ShelfAddons.20)</onclick>
      </control>
    </control>
  </controls>
</window>
