<?xml version="1.0" encoding="UTF-8"?>
<window>
  <type>dialog</type>
  <defaultcontrol always="true">10</defaultcontrol>
  <allowoverlay>no</allowoverlay>
  <include>DialogOpenClose</include>
  <controls> 
    <control type="image">
      <centerleft>960</centerleft>
      <centertop>540</centertop>
      <width>1160</width>
      <height>540</height>
      <texture border="50">images/ContextMenu.png</texture>
    </control>  	
    <control type="group">
      <left>480</left>
      <top>350</top>
      <control type="label" id="1" description="Heading">
        <width>960</width>
        <label>-</label>
        <font>size33B</font>
        <align>center</align>
		<textcolor>white</textcolor>
      </control>
      <control type="textbox" id="9" description="content">
        <top>75</top>
        <width>960</width>
		<height>185</height>
        <align>center</align>
        <label>-</label>
		<textcolor>white</textcolor>
      </control>
      <control type="progress" description="Progressbar" id="20">
        <left>0</left>
        <top>241</top> <!--INCREASED BY ONE -->
        <width>960</width>
        <height>9</height>
        <texturebg border="5,0,5,0">progress/ProgressBG.png</texturebg>
        <midtexture border="0,1,0,1">progress/ProgressM.png</midtexture>
        <righttexture border="1,1,5,1">progress/ProgressR.png</righttexture>
        <lefttexture border="5,1,1,1">progress/ProgressL.png</lefttexture>
        <info>System.Progressbar</info>
      </control>	    	  	  	    
    </control>		
	<control type="grouplist" id="9000">
		<centerleft>960</centerleft>
		<centertop>680</centertop>
		<width>1000</width>
		<height>80</height>
		<align>center</align>
		<itemgap>9</itemgap>
		<onleft>9000</onleft>
		<onright>9000</onright>
		<onup>noop</onup>
		<ondown>noop</ondown>
		<orientation>horizontal</orientation>
		<control type="button" id="11" description="OK">
			<width>260</width>
			<label>107</label>
		</control>
		<control type="button" id="10" description="Cancel">
			<width>260</width>
			<label>106</label>
		</control>
		<control type="button" id="12" description="Custom">
			<width>260</width>
			<label>106</label>
		</control>		
	</control>		
  </controls>
</window>
