<?xml version="1.0" encoding="UTF-8"?>
<window id="3">
  <backgroundcolor>Background</backgroundcolor>
  <defaultcontrol always="true">20</defaultcontrol>
  <allowoverlay>no</allowoverlay>
  <include>OpenClose</include>
  <controls>
    <include>Background</include>
    <include>Header</include>
    <control type="label" description="Heading">
      <include>Heading</include>
      <label>7</label>
    </control>
    <!--control type="image" description="Line Splitter">
      <left>960</left>
      <top>150</top>
      <height>930</height>
      <width>1</width>
      <texture>images/LineV.png</texture>
    </control-->
	<control type="image">
		<left>0</left>
		<top>150</top>
		<width>2080</width>
        <height>1920</height>
		<texture>settings_backdrop.png</texture>
	</control>
    <control type="group" description="Left panel">
      <width>960</width>
      <top>40</top>
      <!--<animation condition="!Control.HasFocus(20)" effect="fade" start="100" end="50" time="20" reversible="true">Conditional</animation>-->
      <control type="label" id="101" description="Header Label">
        <left>45</left>
        <width>900</width>
        <align>left</align>
        <label>-</label>
        <font>size30B</font>
        <haspath>true</haspath>
        <textcolor>selectedtext</textcolor>
      </control>
      <control type="panel" id="20" description="Left File List">
        <left>0</left>
        <top>126</top>
        <width>960</width>
        <height>850</height>
        <onleft>60</onleft>
        <onright>21</onright>
        <onup>20</onup>
        <ondown>20</ondown>
        <pagecontrol>60</pagecontrol>
        <itemlayout width="802" height="81">
		  <control type="group">
            <left>90</left>
			<control type="image">
				<height>70</height>
				<width>840</width>
				<include>right_listpanel_unfocused</include>
			</control>
			<control type="label" description="Main Label">
				<include>52MainLabel</include>
				<label>$INFO[ListItem.Label]</label>
			</control>
			<control type="label" description="Main Label">
				<include>53MainLabel</include>
				<label>$INFO[ListItem.Labe2]</label>
			</control>
          </control>
        </itemlayout>
        <focusedlayout width="802" height="81">
          <control type="group">
            <left>90</left>
            <animation effect="zoom" time="120" start="100" end="105" center="auto" tween="Back" easing="Out">Focus</animation>
            <control type="image">
              <top>12</top>
              <left>-50</left>
              <height>70</height>
              <width>940</width>
              <include>right_listpanel_focused_shadow</include>
            </control>
            <control type="image">
              <height>70</height>
              <width>840</width>
              <include>right_listpanel_focused</include>
            </control>
            <control type="label" description="Main Label">
              <include>52MainLabelFO</include>
              <label>$INFO[ListItem.Label]</label>
            </control>
			<control type="label" description="Main Label">
              <include>53MainLabelFO</include>
              <label>$INFO[ListItem.Labe2]</label>
            </control>
          </control>
        </focusedlayout>
      </control>
      <control type="label" id="12" description="itemcount">
        <left>45</left>
        <top>40</top>
        <width>480</width>
        <align>left</align>
        <font>size26</font>
        <textcolor>Grey</textcolor>
        <label>-</label>
      </control>
    </control>
    <control type="group" description="Right panel">
      <left>960</left>
      <top>40</top>
      <!--<animation condition="!Control.HasFocus(21)" effect="fade" start="100" end="60" time="20" reversible="true">Conditional</animation>-->
      <control type="label" id="102" description="Right Header Label">
        <right>45</right>
        <width>900</width>
        <align>right</align>
        <label>-</label>
        <font>size30B</font>
        <haspath>true</haspath>
        <textcolor>selectedtext</textcolor>
      </control>
      <control type="panel" id="21" description="Right File List">
        <left>0</left>
        <top>126</top>
        <width>960</width>
        <height>850</height>
        <onleft>20</onleft>
        <onright>61</onright>
        <onup>21</onup>
        <ondown>21</ondown>
        <pagecontrol>61</pagecontrol>
        <itemlayout width="802" height="81">
          <control type="group">
            <left>30</left>
            <control type="image">
				<height>70</height>
				<width>840</width>
				<include>right_listpanel_unfocused</include>
			</control>
			<control type="label" description="Main Label">
				<include>52MainLabel</include>
				<label>$INFO[ListItem.Label]</label>
			</control>
			<control type="label" description="Main Label">
				<include>53MainLabel</include>
				<label>$INFO[ListItem.Labe2]</label>
			</control>
          </control>
        </itemlayout>
        <focusedlayout width="802" height="81">
          <control type="group">
            <left>30</left>
            <animation effect="zoom" time="120" start="100" end="105" center="auto" tween="Back" easing="Out">Focus</animation>
            <control type="image">
              <top>12</top>
              <left>-50</left>
              <height>70</height>
              <width>940</width>
              <include>right_listpanel_focused_shadow</include>
            </control>
            <control type="image">
              <height>70</height>
              <width>840</width>
              <include>right_listpanel_focused</include>
            </control>
            <control type="label" description="Main Label">
              <include>52MainLabelFO</include>
              <label>$INFO[ListItem.Label]</label>
            </control>
			<control type="label" description="Main Label">
              <include>53MainLabelFO</include>
              <label>$INFO[ListItem.Labe2]</label>
            </control>
          </control>
        </focusedlayout>
      </control>
      <control type="label" id="13" description="itemcount">
        <right>50</right>
        <top>40</top>
        <width>480</width>
        <align>right</align>
        <font>size26</font>
        <textcolor>Grey</textcolor>
        <label>-</label>
      </control>
    </control>
    <control type="scrollbar" id="60">
      <left>50</left>
      <top>175</top>
      <height>810</height>
      <onleft>20</onleft>
      <onright>20</onright>
    </control>
    <control type="scrollbar" id="61">
      <right>50</right>
      <top>175</top>
      <height>810</height>
      <onleft>21</onleft>
      <onright>21</onright>
    </control>
  </controls>
</window>
