<?xml version="1.0" encoding="UTF-8"?>
<window id="6666">
  <backgroundcolor>Background</backgroundcolor>
  <defaultcontrol always="true">52</defaultcontrol>
  <allowoverlay>no</allowoverlay>
  <include>OpenClose</include>
  <controls>
    <include>Background</include>
    <include>SettingsClock</include>
	<control type="image">
		<left>980</left>
		<top>0</top>
		<width>1000</width>
        <height>1920</height>
		<texture>settings_backdrop.png</texture>
	</control>
    <control type="group">
      <left>1020</left>
      <top>96</top>
      <control type="list" id="52">
        <width>902</width>
        <height>980</height>
        <onleft>noop</onleft>
        <onright>noop</onright>
        <onup>52</onup>
        <ondown>52</ondown>
        <pagecontrol>60</pagecontrol>
        <viewtype label="_52">52</viewtype>
        <focusposition>5</focusposition>
        <movement>5</movement>
        <preloaditems>4</preloaditems>
        <scrolltime tween="sine" easing="inout">280</scrolltime>
        <itemlayout width="802" height="81">
          <control type="image">
            <height>70</height>
            <width>840</width>
            <include>right_listpanel_unfocused</include>
          </control>
          <include>Arrow</include>
          <control type="label" description="Main Label">
            <include>52MainLabel</include>
            <label>$INFO[ListItem.Label]</label>
          </control>
        </itemlayout>
        <focusedlayout width="802" height="81">
          <control type="group">
            <animation effect="zoom" time="120" start="100" end="105" center="auto" tween="Back" easing="Out">Focus</animation>
            <control type="image">
              <top>12</top>
              <left>-50</left>
              <height>70</height>
              <width>940</width>
              <include>right_listpanel_focused_shadow</include>
            </control>
            <control type="image">
              <height>70</height>
              <width>840</width>
              <include>right_listpanel_focused</include>
            </control>
            <include>Arrow</include>
            <control type="label" description="Main Label">
              <include>52MainLabelFO</include>
              <label>$INFO[ListItem.Label]</label>
            </control>
          </control>
        </focusedlayout>
        <content>
			<item id="16">
				<label>ITV Helper</label>
				<label2></label2>
				<property name="description">Help and Tip videos for your device.</property>
				<onclick>ActivateWindow(videofiles,plugin://plugin.video.youtube/channel/UCe_EXypEnDdo4mTc9PLW2sA/,return)</onclick>
				<icon>-</icon>
			</item>
			<item id="1">
				<label>Category Customizer</label>
				<label2></label2>
				<property name="description"></property>
				<onclick>ActivateWindow(6665)</onclick>
				<!--<visible allowhiddenfocus="true">Control.HasFocus(1)</visible>-->
				<icon>-</icon>
			</item>
			<item id="2">
				<label>Clear Cache</label>
				<label2></label2>
				<property name="description">Clear the internet cache to make add-ons run faster.</property>
				<onclick>ActivateWindow(videofiles,plugin://plugin.video.xbmchubmaintenance/?fanart=C%3a%5cUsers%5cMike%5cAppData%5cRoaming%5cXBMC%5caddons%5cplugin.video.xbmchubmaintenance%5cfanart.jpg&iconimage=http%3a%2f%2ftribeca.tvaddons.ag%2ftools%2fmaintenance%2fthumbs%2fclearcache.jpg&mode=4&name=Clear%20Cache&url=url,return)</onclick>
				<onclick>ActivateWindow(6666)</onclick>
				<icon>-</icon>
			</item>
			<item id="3">
				<label>Screen Calibration</label>
				<label2></label2>
				<property name="description">Click here to fix your Movie Screen Calibration.</property>
				<onclick>ActivateWindow(screencalibration)</onclick>
				<icon>-</icon>
			</item>
			<!--<item id="4">
				<label>User Profiles</label>
				<label2></label2>
				<property name="description"></property>
				<onclick>ActivateWindow(Profiles)</onclick>
				<icon>-</icon>
			</item>
			<item id="4">
				<label>Set Language</label>
				<label2></label2>
				<property name="description">Not working just yet</property>
				<onclick>ActivateWindowAndFocus(appearancesettings, -99,0, -80,0)</onclick>
				<icon>-</icon>
			</item>
			<item id="5">
				<label>INFINITY TV Manual</label>
				<label2></label2>
				<property name="description">Click here to view the INFINITY TV Manual!</property>
				<onclick>ActivateWindow(6668)</onclick>
				<icon>-</icon>
			</item>-->
			<item id="6">
				<label>Weather Settings</label>
				<label2></label2>
				<property name="description">31404</property>
				<onclick>ActivateWindow(WeatherSettings)</onclick>
				<icon>-</icon>
			</item>
			<item id="7">
				<label>Update Add-ons</label>
				<label2></label2>
				<property name="description">[B]UPDATE ADD-ONS[/B][CR][CR]Click to update your installed Add-ons · Please wait a bit for it to update[CR]Thank you</property>
				<onclick>ActivateWindow(6669)</onclick>
				<onclick>UpdateLocalAddons</onclick>
				<onclick>UpdateAddonRepos</onclick>
				<icon>-</icon>
			</item>
			<item id="8">
				<label>ITV Updater/Installer</label>
				<label2></label2>
				<property name="description">[B]INFINITY TV WIZARD[/B][CR][CR]Click to either restore or install updates!</property>
				<!--<onclick>ActivateWindow(script.video.newparentalcontrols)</onclick>-->
				<onclick>RunAddon(plugin.video.itv_wizard_kodi)</onclick>
				<icon>-</icon>
			</item>
			<item id="11">
				<label>Parental Control</label>
				<label2></label2>
				<property name="description">[B]Parental Control[/B][CR][CR]Click to control what your kids can open and use!</property>
				<!--<onclick>ActivateWindow(script.video.newparentalcontrols)</onclick>-->
				<onclick>RunAddon(script.video.newparentalcontrols)</onclick>
				<icon>-</icon>
			</item>
			<!--<item id="12">
				<label>Wifi Settings</label>
				<onclick>StartAndroidActivity(com.android.settings.wifi.WifiSettings)</onclick>
				<icon>-</icon>
			</item>-->
			<item id="13">
				<label>Android Settings</label>
				<onclick>StartAndroidActivity(com.android.settings)</onclick>
				<icon>-</icon>
			</item>
			<item id="14">
				<label>Advanced Settings (Warning)</label>
				<label2></label2>
				<onclick>ActivateWindow(Settings)</onclick>
				<icon>-</icon>
			</item>
          <!--<item id="0" description="Appearance">
            <label>480</label>
            <onclick>activatewindow(AppearanceSettings)</onclick>
          </item>
          <item id="3" description="Videos">
            <label>3</label>
            <onclick>activatewindow(VideosSettings)</onclick>
          </item>
          <item id="4" description="Music">
            <label>2</label>
            <onclick>activatewindow(MusicSettings)</onclick>
          </item>
          <item id="14" description="LiveTV">
            <label>31059</label>
            <onclick>activatewindow(PVRSettings)</onclick>
          </item>
          <item id="5" description="Pictures">
            <label>1</label>
            <onclick>activatewindow(PicturesSettings)</onclick>
          </item>
          <item id="8" description="Weather">
            <label>8</label>
            <onclick>activatewindow(WeatherSettings)</onclick>
          </item>
          <item id="9" description="Services">
            <label>14036</label>
            <onclick>Activatewindow(servicesettings)</onclick>
          </item>
          <item id="10" description="System">
            <label>13000</label>
            <onclick>activatewindow(SystemSettings)</onclick>
          </item>
          <item id="1" description="Skin Settings">
            <label>20077</label>
            <onclick>activatewindow(SkinSettings)</onclick>
          </item>	
          <item id="6" description="Addons">
            <label>24001</label>
            <onclick>activatewindow(AddonBrowser,root)</onclick>
          </item>
          <item id="12" description="File manager">
			<visible>Skin.HasSetting(hidebro)</visible>
            <label>10003</label>
            <onclick>ActivateWindow(filemanager)</onclick>
          </item>		  
          <item id="15" description="openELEC">
            <visible>System.HasAddon(service.openelec.settings)</visible>
            <label>$ADDON[service.openelec.settings 600]</label>
            <onclick>RunAddon(service.openelec.settings)</onclick>
          </item>
          <item id="13" description="Sys Info">
            <label>$LOCALIZE[138]</label>
            <onclick>activatewindow(systeminfo)</onclick>
          </item>-->
        </content>
      </control>
    </control>
    <control type="group" description="Left panel">
      <left>292</left>
      <control type="image" description="Logo">
        <visible>!Container(52).HasFocus(1)</visible>
        <animation effect="fade" time="100">VisibleChange</animation>
        <top>50</top>
		<left>-75</left>
        <width>584</width>
        <height>392</height>
        <aspectratio align="center" aligny="bottom">keep</aspectratio>
        <texture background="true">infinitytv.png</texture>
      </control>
      <control type="image" description="Logo">
        <visible>Container(52).HasFocus(1)</visible>
        <animation effect="fade" time="100">VisibleChange</animation>
        <top>50</top>
		<left>-75</left>
        <width>584</width>
        <height>392</height>
        <aspectratio align="center" aligny="bottom">keep</aspectratio>
        <texture background="true">infinitytv.png</texture>
      </control>
    </control>
    <control type="group" description="Items description">
      <left>165</left>
      <top>400</top>
      <control type="label" description="Appearance">
        <visible>Container(52).HasFocus(0)</visible>
        <width>660</width>
        <height>625</height>
        <font>size33</font>
        <wrapmultiline>true</wrapmultiline>
        <scroll>false</scroll>
        <aligny>top</aligny>
        <align>center</align>
		<textcolor>white</textcolor>
        <label>$LOCALIZE[33051] $LOCALIZE[166]. $LOCALIZE[14090]. $LOCALIZE[14081]. $LOCALIZE[24008]</label>
      </control>
      <control type="label" description="Skin">
        <visible>Container(52).HasFocus(1)</visible>
        <width>660</width>
        <height>625</height>
        <font>size33</font>
        <wrapmultiline>true</wrapmultiline>
        <scroll>false</scroll>
        <aligny>top</aligny>
        <align>center</align>
		<textcolor>white</textcolor>
        <label>[B]CATEGORY CUSTOMIZER[/B][CR][CR]Add or remove Shortcuts to the Category from the main menu.</label>
      </control>
	  <control type="label" description="Skin">
        <visible>Container(52).HasFocus(16)</visible>
        <width>660</width>
        <height>625</height>
        <font>size33</font>
        <wrapmultiline>true</wrapmultiline>
        <scroll>false</scroll>
        <aligny>top</aligny>
        <align>center</align>
		<textcolor>white</textcolor>
        <label>[B]ITV HELPLER[/B][CR][CR]Helpful Videos and Tips can be found here.</label>
      </control>
      <control type="label" description="cache">
        <visible>Container(52).HasFocus(2)</visible>
        <width>660</width>
        <height>625</height>
        <font>size33</font>
        <wrapmultiline>true</wrapmultiline>
        <scroll>false</scroll>
        <aligny>top</aligny>
        <align>center</align>
		<textcolor>white</textcolor>
        <label>[B]CLEAR INTERNET CACHE[/B][CR][CR]Clear the internet cache to make add-ons run faster.</label>
      </control>
	  <control type="label" description="Screen Calibration">
        <visible>Container(52).HasFocus(3)</visible>
        <width>660</width>
        <height>625</height>
        <font>size33</font>
        <wrapmultiline>true</wrapmultiline>
        <scroll>false</scroll>
        <aligny>top</aligny>
        <align>center</align>
		<textcolor>white</textcolor>
        <label>[B]SCREEN CALIBRATION[/B][CR][CR]Click here to fix your Movie Screen Calibration.</label>
      </control>
      <control type="label" description="Music">
        <visible>Container(52).HasFocus(4)</visible>
        <width>660</width>
        <height>625</height>
        <font>size33</font>
        <wrapmultiline>true</wrapmultiline>
        <scroll>false</scroll>
        <aligny>top</aligny>
        <align>center</align>
		<textcolor>white</textcolor>
        <label>[B]USER PROFILES[/B][CR][CR]Click here to set your user profiles.</label>
      </control>
      <control type="label" description="Pictures">
        <visible>Container(52).HasFocus(5)</visible>
        <width>660</width>
        <height>625</height>
        <font>size33</font>
        <wrapmultiline>true</wrapmultiline>
        <scroll>false</scroll>
        <aligny>top</aligny>
        <align>center</align>
		<textcolor>white</textcolor>
        <label>$LOCALIZE[14081]. $LOCALIZE[108].</label>
      </control>
      <control type="label" description="Weather">
        <visible>Container(52).HasFocus(6)</visible>
        <width>660</width>
        <height>625</height>
        <font>size33</font>
        <wrapmultiline>true</wrapmultiline>
        <scroll>false</scroll>
        <aligny>top</aligny>
        <align>center</align>
		<textcolor>white</textcolor>
        <label>[B]WEATHER[/B][CR][CR]Changing your weather settings.</label>
      </control>
	  <control type="label" description="Update addons">
        <visible>Container(52).HasFocus(7)</visible>
        <width>660</width>
        <height>625</height>
        <font>size33</font>
        <wrapmultiline>true</wrapmultiline>
        <scroll>false</scroll>
        <aligny>top</aligny>
        <align>center</align>
		<textcolor>white</textcolor>
        <label>[B]UPDATE ADD-ONS[/B][CR][CR]Click to check for add-on updates. If any are available, they will updated automatically.</label>
      </control>
      <control type="label" description="wizard">
        <visible>Container(52).HasFocus(8)</visible>
        <width>660</width>
        <height>625</height>
        <font>size33</font>
        <wrapmultiline>true</wrapmultiline>
        <scroll>false</scroll>
        <aligny>top</aligny>
        <align>center</align>
		<textcolor>white</textcolor>
        <label>[B]ITV UPDATER/INSTALLER[/B][CR][CR]Click to Update or Install Software!</label>
      </control>
      <control type="label" description="Services">
        <visible>Container(52).HasFocus(9)</visible>
        <width>660</width>
        <height>625</height>
        <font>size33</font>
        <wrapmultiline>true</wrapmultiline>
        <scroll>false</scroll>
        <aligny>top</aligny>
        <align>center</align>
		<textcolor>white</textcolor>
        <label>$LOCALIZE[128]. $LOCALIZE[20110]. $LOCALIZE[33101]. $LOCALIZE[790]. $LOCALIZE[1259]. $LOCALIZE[1273]. $LOCALIZE[1200].</label>
      </control>
      <control type="label" description="System">
        <visible>Container(52).HasFocus(10)</visible>
        <width>660</width>
        <height>625</height>
        <font>size33</font>
        <wrapmultiline>true</wrapmultiline>
        <scroll>false</scroll>
        <aligny>top</aligny>
        <align>center</align>
		<textcolor>white</textcolor>
        <label>$LOCALIZE[21373]. $LOCALIZE[337]. $LOCALIZE[14094]. $LOCALIZE[798]. $LOCALIZE[14095]. $LOCALIZE[14092]. $LOCALIZE[12360].</label>
      </control>
      <control type="label" description="Parental Control">
        <visible>Container(52).HasFocus(11)</visible>
        <width>660</width>
        <height>625</height>
        <font>size33</font>
        <wrapmultiline>true</wrapmultiline>
        <scroll>false</scroll>
        <aligny>top</aligny>
        <align>center</align>
		<textcolor>white</textcolor>
        <label>[B]PARENTAL CONTROL[/B][CR][CR]Click to control what your kids can open and use!</label>
      </control>
	  <control type="label" description="Advanced Settings">
        <visible>Container(52).HasFocus(14)</visible>
        <width>660</width>
        <height>625</height>
        <font>size33</font>
        <wrapmultiline>true</wrapmultiline>
        <scroll>false</scroll>
        <aligny>top</aligny>
        <align>center</align>
		<textcolor>white</textcolor>
        <label>[B]ADVANCED SETTINGS[/B][CR][CR]Recommended for pro users only. Advanced setting changes can lead to disabling other areas of Infinity TV settings and interface. Please proceed with caution.</label>
      </control>
	  <control type="label" description="Android Settings">
        <visible>Container(52).HasFocus(13)</visible>
        <width>660</width>
        <height>625</height>
        <font>size33</font>
        <wrapmultiline>true</wrapmultiline>
        <scroll>false</scroll>
        <aligny>top</aligny>
        <align>center</align>
		<textcolor>white</textcolor>
        <label>[B]ANDROID SETTINGS[/B][CR][CR]Access all  your Android wifi settings, bluetooth, display settings, ethernet connection, date and time, and more.</label>
      </control>
    </control>
  </controls>
</window>
