<?xml version="1.0" encoding="UTF-8"?>
<window>
  <backgroundcolor>Background</backgroundcolor>
  <defaultcontrol always="true">50</defaultcontrol>
  <allowoverlay>no</allowoverlay>
  <include>OpenClose</include>
  <controls>
    <include>Background</include>
    <!--<include>SettingsClock</include>-->
	<control type="image">
		<left>980</left>
		<top>0</top>
		<width>1000</width>
        <height>1920</height>
		<texture>settings_backdrop.png</texture>
	</control>
    <control type="group">
      <left>1020</left>
      <top>102</top>
      <control type="list" id="50">
        <width>902</width>
        <height>960</height>
        <onleft>noop</onleft>
        <onright>noop</onright>
        <onup>50</onup>
        <ondown>50</ondown>
        <pagecontrol>60</pagecontrol>
        <focusposition>0</focusposition>
        <movement>5</movement>
        <scrolltime tween="sine" easing="inout">280</scrolltime>
        <itemlayout width="802" height="81">
          <control type="image">
            <height>70</height>
            <width>840</width>
            <include>right_listpanel_unfocused</include>
          </control>
          <control type="label" description="Main Label">
            <include>52MainLabel</include>
            <label>$INFO[ListItem.Label]</label>
          </control>
          <control type="label" description="Label 2">
            <include>SettingsLabel2</include>
            <label>$INFO[ListItem.Label2]</label>
          </control>
          <control type="image" description="Icon">
            <animation condition="true" effect="fade" start="100" end="60" time="0">Conditional</animation>
            <left>775</left>
            <top>0</top>
            <height>81</height>
            <width>42</width>
            <aspectratio>keep</aspectratio>
            <texture>$INFO[ListItem.Icon]</texture>
          </control>
        </itemlayout>
        <focusedlayout width="802" height="81">
          <control type="group">
            <animation effect="zoom" time="120" start="100" end="105" center="auto" tween="Back" easing="Out">Focus</animation>
            <control type="image">
              <top>12</top>
              <left>-50</left>
              <height>70</height>
              <width>940</width>
              <include>right_listpanel_focused_shadow</include>
            </control>
            <control type="image">
              <height>70</height>
              <width>840</width>
              <include>right_listpanel_focused</include>
            </control>
            <control type="label" description="Main Label">
              <include>52MainLabelFO</include>
              <label>$INFO[ListItem.Label]</label>
            </control>
            <control type="label" description="Label 2">
              <include>SettingsLabel2</include>
              <label>$INFO[ListItem.Label2]</label>
            </control>
            <control type="image" description="Icon">
              <animation effect="fade" start="60" end="100" time="100" delay="200">Focus</animation>
              <left>775</left>
              <top>0</top>
              <height>81</height>
              <width>42</width>
              <aspectratio>keep</aspectratio>
              <texture>$INFO[ListItem.Icon]</texture>
            </control>
          </control>
        </focusedlayout>
        <content>
          <item id="8" description="Home Customizer">
            <label>31052</label>
            <onclick>ActivateWindow(1117)</onclick>
          </item>
		  <!--<item id="70" description="Home Video edit">
            <label>Sports Addon Link</label>
            <onclick>Skin.SetString(sportslink)</onclick>
          </item>
		  <item id="71" description="Home movie edit">
            <label>Edit Movie TV link</label>
            <onclick>Skin.SetString(movietvlink)</onclick>
          </item>
		  <item id="72" description="Home movie edit">
            <label>Edit Movie link Two</label>
            <onclick>Skin.SetString(movielink2)</onclick>
          </item>
		  <item id="73" description="Home movie edit">
            <label>Edit Movie link Two Title</label>
            <onclick>Skin.SetString(movielink2title)</onclick>
          </item>
		  <item id="74" description="Home movie edit">
            <label>Edit Movie link Three</label>
            <onclick>Skin.SetString(movielink3)</onclick>
          </item>
		  <item id="75" description="Home movie edit">
            <label>Edit Movie link Three Title</label>
            <onclick>Skin.SetString(movielink3title)</onclick>
          </item>-->
          <item id="18" description="Home Background">	
			<visible>!IsEmpty(Skin.String(CustomBgHome))</visible>		  
            <label>$LOCALIZE[31069]</label>
			<label2>$LOCALIZE[107]</label2>
            <onclick condition="!IsEmpty(Skin.String(CustomBgHome))">Skin.Reset(CustomBgHome)</onclick>
            <selected>!IsEmpty(Skin.String(CustomBgHome))</selected>
          </item>			  
          <item id="18" description="Home Background">	
			<visible>IsEmpty(Skin.String(CustomBgHome))</visible>		  
            <label>$LOCALIZE[31069]</label>
			<label2>$LOCALIZE[106]</label2>
            <onclick condition="IsEmpty(Skin.String(CustomBgHome))">Skin.SetFile(CustomBgHome,.jpg|.png,special://skin/backgrounds)</onclick>
            <selected>!IsEmpty(Skin.String(CustomBgHome))</selected>
          </item>	
          <item id="19" description="Other Background">	
			<visible>!IsEmpty(Skin.String(CustomBgOther))</visible>		  
            <label>$LOCALIZE[31071]</label>
			<label2>$LOCALIZE[107]</label2>
            <onclick condition="!IsEmpty(Skin.String(CustomBgOther))">Skin.Reset(CustomBgOther)</onclick>
            <selected>!IsEmpty(Skin.String(CustomBgOther))</selected>
          </item>			  
          <item id="19" description="Other Background">	
			<visible>IsEmpty(Skin.String(CustomBgOther))</visible>		  
            <label>$LOCALIZE[31071]</label>
			<label2>$LOCALIZE[106]</label2>
            <onclick condition="IsEmpty(Skin.String(CustomBgOther))">Skin.SetFile(CustomBgOther,.jpg|.png,special://skin/backgrounds)</onclick>
            <selected>!IsEmpty(Skin.String(CustomBgOther))</selected>
          </item>		  		  
          <!--<item id="20" description="Enable Home Banner Animation">
            <visible>Skin.HasSetting(NoBannerAnimation)</visible>
            <label>$LOCALIZE[31073]</label>
            <label2>107</label2>
            <onclick>Skin.ToggleSetting(NoBannerAnimation)</onclick>
          </item>
          <item id="20" description="Enable Home Banner Animation">
            <visible>!Skin.HasSetting(NoBannerAnimation)</visible>
            <label>$LOCALIZE[31073]</label>
            <label2>106</label2>
            <onclick>Skin.ToggleSetting(NoBannerAnimation)</onclick>
          </item>		  
          <item id="22" description="Disable Home Banner">
            <visible>Skin.HasSetting(NoHomeBanner)</visible>
            <label>$LOCALIZE[31077]</label>
            <label2>107</label2>
            <onclick>Skin.ToggleSetting(NoHomeBanner)</onclick>
          </item>
          <item id="22" description="Disable Home Banner">
            <visible>!Skin.HasSetting(NoHomeBanner)</visible>
            <label>$LOCALIZE[31077]</label>
            <label2>106</label2>
            <onclick>Skin.ToggleSetting(NoHomeBanner)</onclick>
          </item>	  
          <item id="21" description="Enable ATV3 Home Slider">
            <visible>Skin.HasSetting(ATV3select)</visible>
            <label>$LOCALIZE[31076]</label>
            <label2>107</label2>
            <onclick>Skin.ToggleSetting(ATV3select)</onclick>
          </item>
          <item id="21" description="Enable ATV3 Home Slider">
            <visible>!Skin.HasSetting(ATV3select)</visible>
            <label>$LOCALIZE[31076]</label>
            <label2>106</label2>
            <onclick>Skin.ToggleSetting(ATV3select)</onclick>
          </item>-->
          <item id="23" description="Enable Fanart">
            <visible>Skin.HasSetting(Fanart)</visible>
            <label>$LOCALIZE[31078]</label>
            <label2>107</label2>
            <onclick>Skin.ToggleSetting(Fanart)</onclick>
          </item>
          <item id="23" description="Enable Fanart">
            <visible>!Skin.HasSetting(Fanart)</visible>
            <label>$LOCALIZE[31078]</label>
            <label2>106</label2>
            <onclick>Skin.ToggleSetting(Fanart)</onclick>
          </item>
          <item id="24" description="Enable ScrollLetter">
            <visible>Skin.HasSetting(sortLetter)</visible>
            <label>$LOCALIZE[31079]</label>
            <label2>107</label2>
            <onclick>Skin.ToggleSetting(sortLetter)</onclick>
          </item>
          <item id="24" description="Enable ScrollLetter">
            <visible>!Skin.HasSetting(sortLetter)</visible>
            <label>$LOCALIZE[31079]</label>
            <label2>106</label2>
            <onclick>Skin.ToggleSetting(sortLetter)</onclick>
          </item>		  
          <item id="11" description="Show Clock">
            <visible>!Skin.HasSetting(ShowClock)</visible>
            <label>$LOCALIZE[31047]</label>
            <label2>107</label2>
            <onclick>Skin.ToggleSetting(ShowClock)</onclick>
          </item>
          <item id="11" description="Show Clock">
            <visible>Skin.HasSetting(ShowClock)</visible>
            <label>$LOCALIZE[31047]</label>
            <label2>106</label2>
            <onclick>Skin.ToggleSetting(ShowClock)</onclick>
          </item>		  
          <item id="4" description="Scrollbars">
            <visible>!Skin.HasSetting(Scrollbars_Active)</visible>
            <label>$LOCALIZE[21383]</label>
            <label2>$LOCALIZE[107]</label2>
            <onclick>Skin.ToggleSetting(Scrollbars_Active)</onclick>
          </item>
          <item id="4" description="Scrollbars">
            <visible>Skin.HasSetting(Scrollbars_Active)</visible>
            <label>$LOCALIZE[21383]</label>
            <label2>$LOCALIZE[106]</label2>
            <onclick>Skin.ToggleSetting(Scrollbars_Active)</onclick>
          </item>
          <item id="5" description="Options dialog">
            <visible>Skin.HasSetting(ViewsMenuOff)</visible>
            <label>$LOCALIZE[31044]</label>
            <label2>$LOCALIZE[106]</label2>
            <onclick>Skin.ToggleSetting(ViewsMenuOff)</onclick>
          </item>
          <item id="5" description="Options dialog">
            <visible>!Skin.HasSetting(ViewsMenuOff)</visible>
            <label>$LOCALIZE[31044]</label>
            <label2>$LOCALIZE[107]</label2>
            <onclick>Skin.ToggleSetting(ViewsMenuOff)</onclick>
          </item>		  
          <item id="9" description="Quit button function">
            <label>$LOCALIZE[31049]</label>
            <label2 fallback="33061">$VAR[QuitLabelStatus]</label2>
            <onclick>ActivateWindow(1114)</onclick>
          </item>	  
          <item id="25" description="LiveTV button function">
            <label>$LOCALIZE[31083]</label>
            <label2 fallback="33061">$VAR[LivetvStatus]</label2>
            <onclick>ActivateWindow(1116)</onclick>
          </item>		  
          <!--<item id="14" description="Music Default">
            <label>$LOCALIZE[31053]</label>
            <label2>$INFO[Skin.String(MusicLink)]</label2>
            <onclick>ActivateWindow(1121)</onclick>
          </item>	  
          <item id="16" description="Custom Image for Shelf">
            <label>$LOCALIZE[31030]</label>
            <label2>$VAR[CustomImgStatus]</label2>
            <onclick condition="!Skin.HasSetting(CustomImage)">Skin.SetImage(ShelfCustomImage)</onclick>
            <onclick condition="Skin.HasSetting(CustomImage)">Skin.Reset(CustomImage)</onclick>
            <onclick condition="!Skin.HasSetting(CustomImage)">Skin.SetBool(CustomImage)</onclick>
          </item>-->
          <item id="2" description="Lyrics">
            <label>31062</label>
            <label2>$INFO[Skin.String(LyricPath)]</label2>
            <onclick>Skin.SetAddon(LyricPath,xbmc.python.lyrics)</onclick>
          </item>		  
          <item id="17" description="Debug Skin">
            <label>$LOCALIZE[31068]</label>
            <onclick>Skin.ToggleDebug</onclick>
          </item>
		  <item id="99" description="Debug Grid Skin">
            <label>Debug Grid</label>
            <onclick>Skin.ToggleSetting(debug-info)</onclick>
          </item>
          <item id="12" description="Reset Skin">
            <label>$LOCALIZE[31036]</label>
            <onclick>Skin.ResetSettings</onclick>
            <onclick>XBMC.ReloadSkin()</onclick>
            <icon>DefaultIconWarning.png</icon>
          </item>		  
        </content>
      </control>
    </control>
    <control type="group" description="Left panel">
      <left>270</left>
      <top>160</top>
      <control type="image" description="Logo">
        <visible>Container(50).HasFocus(2) | Container(50).HasFocus(3)</visible>
        <include>Help_Panel</include>
        <texture>infinitytv.png</texture>
      </control>
      <control type="image" description="ScrollBars">
        <visible>Container(50).HasFocus(4)</visible>
        <include>Help_Panel</include>
        <texture>help/scrollbars.png</texture>
      </control>
      <control type="image" description="Menuviews">
        <visible>Container(50).HasFocus(5)</visible>
        <include>Help_Panel</include>
        <texture>help/OptionsMenu.jpg</texture>
      </control>
      <control type="image" description="shelf">
        <visible>Container(50).HasFocus(8)</visible>
        <include>Help_Panel</include>
        <texture>homescreen2.png</texture>
      </control>
      <control type="image" description="quits">
        <visible>Container(50).HasFocus(9)</visible>
        <include>Help_Panel</include>
        <texture>special://skin/icons/quits.png</texture>
      </control>
      <control type="image" description="LiveTV button function">
        <visible>Container(50).HasFocus(25)</visible>
        <include>Help_Panel</include>
        <texture>$VAR[LivetvIcon]</texture>
      </control>	  
      <control type="image" description="clock">
        <visible>Container(50).HasFocus(11)</visible>
        <include>Help_Panel</include>
        <texture>help/Clock.png</texture>
      </control>
      <control type="image" description="reset">
        <visible>Container(50).HasFocus(12) | Container(50).HasFocus(17)</visible>
        <include>Help_Panel</include>
        <texture>help/Warning.png</texture>
      </control>
      <control type="image" description="shelf">
        <visible>Container(50).HasFocus(13)</visible>
        <include>Help_Panel</include>
        <texture>help/Shelfrecord.jpg</texture>
      </control>
      <control type="image" description="shelf">
        <visible>Container(50).HasFocus(14)</visible>
        <include>Help_Panel</include>
        <texture>special://skin/icons/music.png</texture>
      </control>
      <control type="image" description="icon shelf">
        <visible>Container(50).HasFocus(16)</visible>
        <include>Help_Panel</include>
        <texture>$VAR[ShelfLogo]</texture>
      </control>	    
	  <control type="image" description="enable home banner animation">
        <visible>Container(50).HasFocus(20)</visible>
        <animation effect="fade" time="200">VisibleChange</animation>
		<width>460</width>
		<height>336</height>
		<aspectratio align="center" aligny="bottom">keep</aspectratio>
        <texture>homescreen2.png</texture>
      </control>
	  <control type="image" description="enable atv3 slider">
        <visible>Container(50).HasFocus(21) + !Skin.HasSetting(ATV3select)</visible>
        <animation effect="fade" time="200">VisibleChange</animation>
		<width>460</width>
		<height>336</height>
		<aspectratio align="center" aligny="bottom">keep</aspectratio>
        <texture>homescreen2.png</texture>
      </control>
	  <control type="image" description="enable atv3 slider">
        <visible>Container(50).HasFocus(21) + Skin.HasSetting(ATV3select)</visible>
        <animation effect="fade" time="200">VisibleChange</animation>
		<width>460</width>
		<height>336</height>
		<aspectratio align="center" aligny="bottom">keep</aspectratio>
        <texture>help/atv3slider.jpg</texture>
      </control> 
	  <control type="image" description="disable home banner">
        <visible>Container(50).HasFocus(22) + !Skin.HasSetting(NoHomeBanner)</visible>
        <animation effect="fade" time="200">VisibleChange</animation>
		<width>460</width>
		<height>336</height>
		<aspectratio align="center" aligny="bottom">keep</aspectratio>
        <texture>homescreen2.png</texture>
      </control>
	  <control type="image" description="disablehomebanner">
        <visible>Container(50).HasFocus(22) + Skin.HasSetting(NoHomeBanner)</visible>
        <animation effect="fade" time="200">VisibleChange</animation>
		<width>460</width>
		<height>336</height>
		<aspectratio align="center" aligny="bottom">keep</aspectratio>
        <texture>help/nohomebanner.jpg</texture>
      </control> 	  
	  <control type="image" description="Enable Fanart">
        <visible>Container(50).HasFocus(23) + Skin.HasSetting(Fanart)</visible>
        <animation effect="fade" time="200">VisibleChange</animation>
		<width>460</width>
		<height>336</height>
		<aspectratio align="center" aligny="bottom">keep</aspectratio>
        <texture>help/fanart.jpg</texture>
      </control>
	  <control type="image" description="Enable Fanart">
        <visible>Container(50).HasFocus(23) + !Skin.HasSetting(Fanart)</visible>
        <animation effect="fade" time="200">VisibleChange</animation>
		<width>460</width>
		<height>336</height>
		<aspectratio align="center" aligny="bottom">keep</aspectratio>
        <texture>$VAR[fanart]</texture>
      </control>   
      <control type="image" description="Enable Scroll Letter">
        <visible>Container(50).HasFocus(24)</visible>
		<animation effect="fade" time="200">VisibleChange</animation>
		<centerleft>230</centerleft>
		<top>160</top>
		<width>200</width>
		<height>200</height>
		<aspectratio align="center" aligny="bottom">keep</aspectratio>
        <texture border="12">help/SortLetter.png</texture>
      </control>
	  <control type="image" description="home bgkd">
        <visible>Container(50).HasFocus(18)</visible>
        <animation effect="fade" time="200">VisibleChange</animation>
		<width>460</width>
		<height>336</height>
		<aspectratio align="center" aligny="bottom">keep</aspectratio>
        <texture>$VAR[HomeBG]</texture>
      </control>
	  <control type="image" description="other bgkd">
        <visible>Container(50).HasFocus(19)</visible>
        <animation effect="fade" time="200">VisibleChange</animation>
		<width>460</width>
		<height>336</height>
		<aspectratio align="center" aligny="bottom">keep</aspectratio>
        <texture>$VAR[OtherBG]</texture>
      </control>	  
    </control>
    <control type="textbox" description="HelpDetails">
      <left>170</left>
      <top>560</top>
      <width>660</width>
      <height>380</height>
      <font>size28</font>
      <align>center</align>
	  <textcolor>white</textcolor>
      <label>$VAR[helptext]</label>
    </control>
  </controls>
</window>
