<?xml version="1.0" encoding="UTF-8" standalone="yes"?>
<addon id="script.speedtestnet"
       name="InfinityTV Speed Tester"
       version="100.0.0"
       provider-name="InfinityTV">
  <requires>
    <import addon="xbmc.python" version="2.1.0"/>
  </requires>
  <extension point="xbmc.python.script"
             library="default.py">
        <provides>executable</provides>
  </extension>
  <extension point="xbmc.addon.metadata">
    <summary lang="en">InfinityTV Speed Tester</summary>
    <description lang="en">InfinityTV</description>
    <platform>all</platform>
  </extension>
</addon>
