<?xml version="1.0" encoding="UTF-8"?>
<window id="12">
    <defaultcontrol always="true">3</defaultcontrol>
    <backgroundcolor>Background</backgroundcolor>
    <allowoverlay>no</allowoverlay>
    <include>OpenClose</include>
    <controls>
        <include>Background</include>
		<control type="image">
			<left>400</left>
			<top>0</top>
			<width>1600</width>
			<height>1920</height>
			<texture>settings_backdrop.png</texture>
		</control>
        <control type="label" id="2" description="Heading">
            <include>Heading</include>
            <label>-</label>
        </control>
        <control type="grouplist" id="3" description="LeftMenu">
            <left>70</left>
            <top>120</top>
            <width>400</width>
            <height>850</height>
            <align>left</align>
            <itemgap>8</itemgap>
            <onup>noop</onup>
            <ondown>noop</ondown>
            <onright>5</onright>
        </control>
        <control type="grouplist" id="5" description="Stage">
            <left>450</left>
            <top>120</top>
            <width>1400</width>
            <height>850</height>
            <align>left</align>
            <onup>noop</onup>
            <ondown>noop</ondown>
            <onright>noop</onright>
            <onleft>3</onleft>
            <itemgap>8</itemgap>
            <pagecontrol>60</pagecontrol>
        </control>
        <control type="button" id="7" description="Button">
            <font>size34</font>
            <align>left</align>
			<texturefocus>images/blue.png</texturefocus>
			<texturenofocus>images/lightgray_button.png</texturenofocus>
			<textcolor>white</textcolor>
			<focusedcolor>white</focusedcolor>
        </control>
        <control type="radiobutton" id="8" description="Radio Button">
            <font>size34</font>
            <align>left</align>
			<texturefocus>images/blue.png</texturefocus>
			<texturenofocus>images/lightgray_button.png</texturenofocus>
			<textcolor>white</textcolor>
			<focusedcolor>white</focusedcolor>
        </control>
        <control type="spincontrolex" id="9" description="Spin control">
            <align>left</align>
            <font>size34</font>
			<texturefocus>images/blue.png</texturefocus>
			<texturenofocus>images/lightgray_button.png</texturenofocus>
			<textcolor>white</textcolor>
			<focusedcolor>white</focusedcolor>
        </control>
        <control type="button" id="10" description="Category Button">
           <textoffsetx>20</textoffsetx>
            <width>300</width>
            <font>size34</font>
			<texturefocus>images/blue.png</texturefocus>
			<texturenofocus>images/lightgray_button.png</texturenofocus>
			<textcolor>white</textcolor>
			<focusedcolor>white</focusedcolor>
        </control>
        <control type="sliderex" id="13">
            <description>Default Slider</description>
            <font>size34</font>
            <aligny>center</aligny>
			<texturefocus>images/blue.png</texturefocus>
			<texturenofocus>images/lightgray_button.png</texturenofocus>
			<textcolor>white</textcolor>
			<focusedcolor>white</focusedcolor>
        </control>
        <!--<control type="scrollbar" id="60">-->
            <!--<left>39r</left>-->
            <!--<top>159</top>-->
            <!--<height>861</height>-->
            <!--<onleft>5</onleft>-->
            <!--<onright>noop</onright>-->
        <!--</control>-->
        <control type="button" id="20">
            <description>Settings Level</description>
            <width>350</width>
            <height>80</height>
            <font>Size26</font>
            <onclick>SettingsLevelChange</onclick>
            <ondown>3</ondown>
			<texturefocus>images/blue.png</texturefocus>
			<texturenofocus>images/lightgray_button.png</texturenofocus>
			<textcolor>white</textcolor>
			<focusedcolor>white</focusedcolor>
        </control>
    </controls>
</window>
