<?xml version="1.0" encoding="UTF-8"?>
<!--suppress ALL -->
<addon id="plugin.video.itv_trailers" version="0.0.2" name="ITV Trailers" provider-name="Infinity TV">
    <requires>
        <import addon="xbmc.python" version="2.1.0"/>
        <import addon="script.module.tknorris.shared" version="0.0.10"/>
    </requires>
    <extension point="xbmc.python.pluginsource" library="default.py">
        <provides>video</provides>
    </extension>
    <extension point="xbmc.addon.metadata">
        <summary>Infinity TV Trailers</summary>
        <description></description>
        <platform>all</platform>
        <website></website>
		<forum></forum>
	</extension>
</addon>
