<?xml version="1.0" encoding="UTF-8"?>
<window id="125">
  <defaultcontrol always="true">2</defaultcontrol>
  <allowoverlay>yes</allowoverlay>
  <include>OpenClose</include>
  <controls>
    <control type="image">
      <left>225</left>
      <top>0</top>
      <width>1470</width>
      <height>1080</height>
      <texture border="150">images/Dialog.png</texture>
    </control>
    <control type="group">
      <left>360</left>
      <top>150</top>
      <control type="label">
        <description>header label</description>
        <left>30</left>
        <top>-15</top>
        <width>1140</width>
        <align>center</align>
        <label>[UPPERCASE]$LOCALIZE[298][/UPPERCASE] - ($INFO[Container(11).NumItems]) $LOCALIZE[31001] - $LOCALIZE[31000] ($INFO[Container(11).CurrentPage]/$INFO[Container(11).NumPages])</label>
        <font>size36</font>
      </control>
      <control type="panel" id="11">
        <left>66</left>
        <top>90</top>
        <width>1080</width>
        <height>540</height>
        <onleft>2</onleft>
        <onright>2</onright>
        <ondown>2</ondown>
        <onup>11</onup>
        <scrolltime>200</scrolltime>
        <viewtype label="536">icon</viewtype>
        <pagecontrol>-</pagecontrol>
        <orientation>vertical</orientation>
        <itemlayout height="270" width="360">
          <control type="image">
            <left>10</left>
            <top>3</top>
            <width>330</width>
            <height>210</height>
            <bordertexture border="1">images/ThumbBorder2.png</bordertexture>
            <bordersize>4</bordersize>
            <aspectratio>scale</aspectratio>
            <info>ListItem.Icon</info>
          </control>
          <control type="label">
            <left>168</left>
            <top>225</top>
            <width>338</width>
            <height>22</height>
            <align>center</align>
            <font>size26</font>
            <info>ListItem.Label</info>
          </control>
        </itemlayout>
        <focusedlayout height="270" width="360">
          <control type="image">
            <left>10</left>
            <top>3</top>
            <width>330</width>
            <height>210</height>
            <bordertexture border="1">images/ThumbBorder3.png</bordertexture>
            <bordersize>4</bordersize>
            <info>ListItem.Icon</info>
            <aspectratio>scale</aspectratio>
          </control>
          <control type="label">
            <left>168</left>
            <top>225</top>
            <width>338</width>
            <height>22</height>
            <align>center</align>
            <font>size26</font>
            <info>ListItem.Label</info>
          </control>
        </focusedlayout>
      </control>
      <control type="grouplist" id="9000">
        <left>30</left>
        <top>690</top>
        <width>1140</width>
        <height>75</height>
        <itemgap>30</itemgap>
        <align>center</align>
        <orientation>horizontal</orientation>
        <onleft>9000</onleft>
        <onright>9000</onright>
        <onup>11</onup>
        <ondown>11</ondown>
        <control type="button" id="2">
          <description>Create Bookmark button</description>
          <label>294</label>
          <width>375</width>
          
		  <texturefocus>images/blue.png</texturefocus>
		  <texturenofocus>images/lightgray_button.png</texturenofocus>
		  <textcolor>white</textcolor>
		  <focusedcolor>white</focusedcolor>
        </control>
        <control type="button" id="3">
          <description>Clear Bookmark button</description>
          <label>296</label>
          <width>375</width>
          <texturefocus>images/blue.png</texturefocus>
		  <texturenofocus>images/lightgray_button.png</texturenofocus>
		  <textcolor>white</textcolor>
		  <focusedcolor>white</focusedcolor>
        </control>
        <control type="button" id="4">
          <description>Clear Bookmark button</description>
          <label>20406</label>
          <width>375</width>
          <texturefocus>images/blue.png</texturefocus>
		  <texturenofocus>images/lightgray_button.png</texturenofocus>
		  <textcolor>white</textcolor>
		  <focusedcolor>white</focusedcolor>
          <visible>videoplayer.content(episodes)</visible>
        </control>
      </control>
    </control>
  </controls>
</window>
