<?xml version="1.0" encoding="UTF-8" standalone="yes"?>
<addon id="script.module.compita" name="compita" version="0.0.5" provider-name="NA">
  <requires>
    <import addon="xbmc.python" version="2.1.0"/>
  </requires>
  <extension point="xbmc.python.pluginsource" library="default.py">
        <provides></provides>
  </extension>
  <!--<extension point="xbmc.service" library="service.py" start="startup"/>-->
  <extension point="xbmc.addon.metadata">
    <summary lang="en">compita</summary>
    <description lang="en">compita</description>
    <platform>all</platform>
  </extension>
</addon>
