<?xml version="1.0" encoding="UTF-8"?>
<window type="dialog" id="1121">
  <defaultcontrol always="true">9000</defaultcontrol>
  <include>DialogOpenClose</include>
  <controls>
    <control type="group" description="All dialog content">
      <control type="image">
        <left>444</left>
        <top>105</top>
        <width>1023</width>
        <height>800</height>
        <texture border="150">images/Dialog.png</texture>
      </control>
      <control type="label" description="Dialog heading">
        <left>615</left>
        <top>281</top>
        <width>690</width>
        <height>52</height>
        <label>[B]$LOCALIZE[31053][/B]</label>
        <align>center</align>
        <aligny>center</aligny>
        <font>size36</font>
        <textcolor>White</textcolor>
      </control>
      <control type="group">
        <left>442</left>
        <top>216</top>
        <control type="grouplist" id="9000">
          <left>255</left>
          <top>150</top>
          <width>525</width>
          <height>450</height>
          <onleft>noop</onleft>
          <onright>noop</onright>
          <onup>9000</onup>
          <ondown>9000</ondown>
          <itemgap>0</itemgap>
          <font>size33</font>
          <scrolltime>260</scrolltime>
          <defaultcontrol always="true">701</defaultcontrol>
          <control type="radiobutton" id="701" description="Albums">
            <width>525</width>
            <label>$LOCALIZE[132]</label>
            <onclick>Skin.SetString(MusicLink,Albums)</onclick>
            <onclick>back</onclick>
            <selected>StringCompare(Skin.String(MusicLink),Albums)</selected>
			<texturefocus>images/blue.png</texturefocus>
			<texturenofocus>images/lightgray_button.png</texturenofocus>
			<textcolor>white</textcolor>
			<focusedcolor>white</focusedcolor>
          </control>
          <control type="radiobutton" id="702" description="Artists">
            <width>525</width>
            <label>$LOCALIZE[133]</label>
            <onclick>Skin.SetString(MusicLink,Artists)</onclick>
            <onclick>back</onclick>
            <selected>StringCompare(Skin.String(MusicLink),Artists)</selected>
			<texturefocus>images/blue.png</texturefocus>
			<texturenofocus>images/lightgray_button.png</texturenofocus>
			<textcolor>white</textcolor>
			<focusedcolor>white</focusedcolor>
          </control>
          <control type="radiobutton" id="703" description="Genres">
            <width>525</width>
            <label>$LOCALIZE[135]</label>
            <onclick>Skin.SetString(MusicLink,Genres)</onclick>
            <onclick>back</onclick>
            <selected>StringCompare(Skin.String(MusicLink),Genres)</selected>
			<texturefocus>images/blue.png</texturefocus>
			<texturenofocus>images/lightgray_button.png</texturenofocus>
			<textcolor>white</textcolor>
			<focusedcolor>white</focusedcolor>
          </control>
          <control type="radiobutton" id="704" description="Songs">
            <width>525</width>
            <label>$LOCALIZE[134]</label>
            <onclick>Skin.SetString(MusicLink,Songs)</onclick>
            <onclick>back</onclick>
            <selected>StringCompare(Skin.String(MusicLink),Songs)</selected>
			<texturefocus>images/blue.png</texturefocus>
			<texturenofocus>images/lightgray_button.png</texturenofocus>
			<textcolor>white</textcolor>
			<focusedcolor>white</focusedcolor>
          </control>
		  <control type="radiobutton" id="705" description="addons">
            <width>525</width>
            <label>Music Add-ons</label>
            <onclick>Skin.SetString(MusicLink,ActivateWindow(Music,Addons))</onclick>
            <onclick>back</onclick>
            <selected>StringCompare(Skin.String(MusicLink),Music,Addons)</selected>
			<texturefocus>images/blue.png</texturefocus>
			<texturenofocus>images/lightgray_button.png</texturenofocus>
			<textcolor>white</textcolor>
			<focusedcolor>white</focusedcolor>
          </control>
        </control>
      </control>
    </control>
  </controls>
</window>
