<?xml version='1.0' encoding='UTF-8' standalone='yes'?>
<addon id="skin.infinitytv-X" version="0.0.12" name="Infinity TV Skin" provider-name="infinitytv.ca">
  <requires>
    <import addon="xbmc.gui" version="5.10.0"/>
    <import addon="script.favourites" version="3.2.5"/>
	<import addon="plugin.video.itv_wizard_kodi" version="0.0.4"/>
    <import addon="service.library.data.provider" version="0.0.4"/>
  </requires>
  <extension point="xbmc.gui.skin" defaultthemename="Textures.xbt" effectslowdown="1" debugging="false">
        <res width="1920" height="1080" aspect="16:9" default="true" folder="1080i"/>
    </extension>
  <extension point="xbmc.service" library="service.py" start="startup"/>
  <extension point="xbmc.addon.metadata">
    <platform>all</platform>
	<summary lang="en"></summary>
    <description lang="en"></description>
    <description lang="it"></description>
    <disclaimer>Infinity TV Skin</disclaimer>
  </extension>
</addon>
