<?xml version="1.0" encoding="UTF-8"?>
<window id="6669">
  <type>dialog</type>
  <defaultcontrol always="true">10</defaultcontrol>
  <allowoverlay>no</allowoverlay>
  <include>DialogOpenClose</include>
  <controls> 
    <control type="image">
      <centerleft>960</centerleft>
      <centertop>540</centertop>
      <width>1160</width>
      <height>540</height>
      <texture border="50">images/ContextMenu.png</texture>
    </control>  
    <control type="group">
      <left>480</left>
      <top>350</top>
      <control type="label" id="1" description="Heading">
        <width>960</width>
        <label>Updating Add-ons</label>
        <font>size33B</font>
        <align>center</align>
		<textcolor>white</textcolor>
      </control>
      <control type="textbox" id="9" description="content">
        <top>75</top>
        <width>960</width>
		<height>185</height>
        <align>center</align>
		<textcolor>white</textcolor>
        <label>Add-ons are now updating in the background press OK to exit!</label>
      </control>
      <control type="button" id="10" description="Ok">
        <left>330</left>
        <top>330</top>
        <width>300</width>
        <label>186</label>
		<texturefocus>images/blue.png</texturefocus>
		<texturenofocus>images/lightgray_button.png</texturenofocus>
		<textcolor>white</textcolor>
		<focusedcolor>white</focusedcolor>
		<onclick>Close</onclick>
		<onclick>ActivateWindow(6666)</onclick>
      </control>
    </control>
  </controls>
</window>
