<?xml version="1.0" encoding="UTF-8"?>
<window>
  <defaultcontrol always="true">10</defaultcontrol>
  <allowoverlay>no</allowoverlay>
  <!--<onload>XBMC.PlayMedia(special://skin/mov/introMovie.mov)</onload>-->
  <onload>RunScript(script.module.compita)</onload>
  <controls>
    <control type="button" id="10" description="Startup Trigger">
      <texturenofocus>-</texturenofocus>
      <texturefocus>-</texturefocus>
	  <onfocus>ReplaceWindow(Home)</onfocus>
    </control>
  </controls>
</window>
