<?xml version="1.0" encoding="UTF-8" standalone="yes"?>
<addon id="repository.infinitytv_kodi" name="INFINITY TV KODI Plugins" version="1.0.0" provider-name="INFINITY TV">
	<extension point="xbmc.addon.repository" name="INFINITY TV KODI Plugins">
		<info compressed="false">https://raw.githubusercontent.com/Ddubs/infinitytv_kodi/master/addons.xml</info>
		<checksum>https://raw.githubusercontent.com/Ddubs/infinitytv_kodi/master/addons.xml.md5</checksum>
		<datadir zip="true">https://raw.githubusercontent.com/Ddubs/infinitytv_kodi/master/</datadir>	
	</extension>
	<extension point="xbmc.addon.metadata">
		<summary>Install Add-ons from INFINITY TV Repository</summary>
		<description>INFINITY TV video plug-ins for Kodi</description>
		<disclaimer></disclaimer>
		<platform>all</platform>
	</extension>
</addon>